{
	"class_name" : "PinholeCameraParameters",
	"extrinsic" : 
	[
		0.96704197959396732,
		-0.12779192902838571,
		0.22022495902641262,
		0.0,
		0.20699607839187684,
		0.89823192647186012,
		-0.38772674630083875,
		0.0,
		-0.14826474035779738,
		0.42053374316677017,
		0.89508040846885928,
		0.0,
		508.82750226987531,
		253.07307945147272,
		-15.762084010959658,
		1.0
	],
	"intrinsic" : 
	{
		"height" : 1080,
		"intrinsic_matrix" : 
		[
			935.30743608719376,
			0.0,
			0.0,
			0.0,
			935.30743608719376,
			0.0,
			959.5,
			539.5,
			1.0
		],
		"width" : 1920
	},
	"version_major" : 1,
	"version_minor" : 0
}